Source,Target
Max Senior,Richard Coulthard
Ernie Mccabe,John Brown
Gondo Widjojo,Ross Case
Robert Layton,Allan Stone
Bert Kearney,Warren Jacques
Takesji Tsujimoto,Max Pettman
M Marchment,Mike Belkin
Tony Dawson,Barry Phillips Moore
Peter Oatey,William Coghlan
Christian Janssens,Geoff Pollard
Brian Connor,Jun Kamiwazumi
H Nielson,Bill Lloyd
R Harvey,Neale Fraser
J May,Merv Guse
L Weatherhog,Manuel Orantes
R Sellick,Ray Ruffels
John James,David Smith
Gary Teagle,Robert Wilson
R Campbell,Sutarjo Sugiarto
Henry Ladyman,Phil Dent
Bob Giltinan,Colin Stubs
Neal Higgins,John Fraser
Gavin Hogben,Graham Stilwell
O Worley,Dick Crealy
Syd Ball,Ian Fletcher
Peter Mockler,Terry Addison
Peter Curtis,Toshiro Sakai
John Blizzard,Ray Keldie
Anthony Hammond,Berry Geraghty
Gaylard Dunn,Rod Brent
Richard Coulthard,Bill Bowrey
John Brown,Ross Case
Warren Jacques,Allan Stone
Max Pettman,Mike Belkin
William Coghlan,Barry Phillips Moore
Jun Kamiwazumi,Geoff Pollard
Bill Lloyd,Neale Fraser
Merv Guse,Manuel Orantes
David Smith,Ray Ruffels
Sutarjo Sugiarto,Robert Wilson
Colin Stubs,Phil Dent
Graham Stilwell,John Fraser
Ian Fletcher,Dick Crealy
Toshiro Sakai,Terry Addison
Berry Geraghty,Ray Keldie
Rod Brent,Juan Gisbert
Ross Case,Bill Bowrey
Allan Stone,Mike Belkin
Geoff Pollard,Barry Phillips Moore
Neale Fraser,Manuel Orantes
Robert Wilson,Ray Ruffels
John Fraser,Phil Dent
Terry Addison,Dick Crealy
Ray Keldie,Juan Gisbert
Mike Belkin,Bill Bowrey
Manuel Orantes,Barry Phillips Moore
Phil Dent,Ray Ruffels
Dick Crealy,Juan Gisbert
Barry Phillips Moore,Bill Bowrey
Ray Ruffels,Juan Gisbert
Juan Gisbert,Bill Bowrey
John Norgauer,Rod Laver
Stanley Ellis,Robert Lutz
Horst Ritter,Cliff Drysdale
Robert Kreiss,Jim Osborne
Barry Mackay,Clark Graebner
Roy Barth,Mal Anderson
Gene Stuart Malin,Tony Roche
D Richard Russell,Allan Stone
Stan Smith,Tom Okker
Jerry De Witts,Marty Riessen
Rafael Osuna,Fred Stolle
John Allgood,Pancho Segura
Dennis Ralston,Colin Stubs
Tom Edlefsen,Alejandro Olmedo
Ron Holmberg,Andres Gimeno
Dick R Bohrnstedt,Raymond Moore
Larry Nagler,Tom Gorman
Ingo Buding,Earl Butch Buchholz
Thomas Chivington,Donald Dell
Armistead Neely,Richard Pancho Gonzales
Mike Machette,Roger Taylor
Ken Stuart,Charlie Pasarell
Myron Franks,Jim Mcmanus
Joseph Rush,Ken Rosewall
Dick R Bohrnstedt,George Taylor
John Brown,Roy Emerson
Stephen Avoyer,Tom Leonard
Jim Sheperd,John Newcombe
Donald Lutz,Steve Tidball
Ed Grubb,Nikola Pilic
John Yeomans,Pierre Barthes
Richard Leach,Arthur Ashe
Robert Lutz,Rod Laver
Cliff Drysdale,Jim Osborne
Mal Anderson,Clark Graebner
Allan Stone,Tony Roche
Tom Okker,Marty Riessen
Pancho Segura,Fred Stolle
Colin Stubs,Alejandro Olmedo
Raymond Moore,Andres Gimeno
Tom Gorman,Earl Butch Buchholz
Donald Dell,Richard Pancho Gonzales
Charlie Pasarell,Roger Taylor
Jim Mcmanus,Ken Rosewall
George Taylor,Roy Emerson
John Newcombe,Tom Leonard
Steve Tidball,Nikola Pilic
Pierre Barthes,Arthur Ashe
Jim Osborne,Rod Laver
Tony Roche,Clark Graebner
Marty Riessen,Fred Stolle
Alejandro Olmedo,Andres Gimeno
Earl Butch Buchholz,Richard Pancho Gonzales
Roger Taylor,Ken Rosewall
Tom Leonard,Roy Emerson
Nikola Pilic,Arthur Ashe
Clark Graebner,Rod Laver
Andres Gimeno,Fred Stolle
Richard Pancho Gonzales,Ken Rosewall
Roy Emerson,Arthur Ashe
Fred Stolle,Rod Laver
Arthur Ashe,Ken Rosewall
Ken Rosewall,Rod Laver
Joaquin Loyo Mayo,Tom Mozur
Steve Faulk,William Harris
Dick Dell,Jaime Fillol
Brian Cheney,Tom Gorman
Tom Mozur,Allan Stone
Premjit Lall,William Harris
Colin Stubs,Jaime Fillol
Ramanathan Krishnan,Tom Gorman
Allan Stone,William Harris
Jaime Fillol,Tom Gorman
Tom Gorman,William Harris
Jose Higueras,Alexander Marcial
Fabrizio Matteoli,Ingo Buding
Fernando Gentil,Gustavo Guerrero
U Unknown,Jose Mandarino
U Unknown,U Unknown
Nicola Pietrangeli,Alvaro Pena
U Unknown,Michael Hickey
Massimo Di Domenico,Allan Stone
Vincenzo Franchitti,Antonio Munoz
Rafael Ruiz,Thomaz Koch
Pancho Guzman,Luis Bruguera
U Unknown,Harald Elschenbroich
Manlio Bartoni,Colin Stubs
U Unknown,Terry Addison
Roberto Lombardi,Francois Jauffret
Jose Moreno,Eugenio Castigliano
Piero Toci,Ken Fletcher
Ray Keldie,Jairo Velasco
Roberto Saya,Bob Carmichael
U Unknown,Eddie Cruz
U Unknown,Ray Ruffels
U Unknown,Jaidip Mukherjea
Pancho Castillo,U Unknown
Paolo Bertolucci,U Unknown
U Unknown,Jose Luis Arillla
U Unknown,Patricio Rodriguez CHI
Adriano Panatta,Ramanathan Krishnan
Alexander Marcial,Ezio Di Matteo
Gustavo Guerrero,Ingo Buding
U Unknown,Jose Mandarino
Alvaro Pena,Michael Hickey
Allan Stone,Antonio Munoz
Luis Bruguera,Thomaz Koch
Colin Stubs,Harald Elschenbroich
Terry Addison,Francois Jauffret
Eugenio Castigliano,Ken Fletcher
Jairo Velasco,Bob Carmichael
Eddie Cruz,Ray Ruffels
U Unknown,Jaidip Mukherjea
U Unknown,Jose Luis Arillla
Carlos Fernandez,Patricio Rodriguez CHI
U Unknown,Martin Mulligan
Ezio Di Matteo,Ramanathan Krishnan
Jose Mandarino,Ingo Buding
Michael Hickey,Antonio Munoz
Thomaz Koch,Harald Elschenbroich
Ken Fletcher,Francois Jauffret
Ray Ruffels,Bob Carmichael
Jaidip Mukherjea,Jose Luis Arillla
Patricio Rodriguez CHI,Martin Mulligan
Ramanathan Krishnan,Ingo Buding
Antonio Munoz,Harald Elschenbroich
Bob Carmichael,Francois Jauffret
Jose Luis Arillla,Martin Mulligan
Harald Elschenbroich,Ingo Buding
Francois Jauffret,Martin Mulligan
Ingo Buding,Martin Mulligan
Rauty Krog,Rod Laver
Keith Carpenter,John Barrett
Gerald Battrick,Robert Wilson
Paul Hutchins,John Ward
Clay Iles,Richard Pancho Gonzales
Mel Baleson,Mark Cox
Jim Moore,Roy Emerson
Tony Pickard,David Lloyd
Edward Beards,Keith Wooldridge
Peter Curtis,Fred Stolle
John Paish,Luis Ayala
Stanley Matthews,Andres Gimeno
John Williams,Bob Howe
John Clifton,Owen Davidson
John Bartlett,Graydon Garner
Geoff Bluett,Ken Rosewall
John Barrett,Rod Laver
John Ward,Robert Wilson
Richard Pancho Gonzales,Mark Cox
David Lloyd,Roy Emerson
Keith Wooldridge,Fred Stolle
Luis Ayala,Andres Gimeno
Bob Howe,Owen Davidson
Graydon Garner,Ken Rosewall
Robert Wilson,Rod Laver
Roy Emerson,Mark Cox
Fred Stolle,Andres Gimeno
Owen Davidson,Ken Rosewall
Mark Cox,Rod Laver
Andres Gimeno,Ken Rosewall
Rod Laver,Ken Rosewall
Allen Quay,John Newcombe
Warren Jacques,Ramanathan Krishnan
Tom Gorman,E Victor Seixas
William Tym,Charles Mckinley
Zeljko Franulovic,Marty Riessen
Cliff Montgomery,Torben Ulrich
Ron Goldman,Robert Mckinley
Chris Bovett,Jaime Fillol
Premjit Lall,Clark Graebner
Sherwood Stewart,Jim Mcmanus
Eduardo Zuleta,Tom Mozur
Frank Tutvin,Roger Taylor
Paul Cranis,Danny Obryant
William Harris,Paul Gerken
Tom Leonard,Patricio Cornejo
George Taylor,Gene Scott
Butch Seewagen,Nikola Pilic
Tico Carrero,Dick Dell
Billy Knight,Tom Edlefsen
Karl Coombes,Charlie Pasarell
Jeff Robbins,Joaquin Loyo Mayo
Armistead Neely,John Sharpe
Stanley Pasarell,D Richard Russell
Chauncey Steele Iii,Dennis Ralston
Barry Mackay,Jim Osborne
Humphrey Hose,Ron Holmberg
Peter Burwash,Robert Lutz
Andres Gimeno,Raymond Moore
Paul Sullivan,Marcello Lara
Robert Perry,Dick Stockton
Erik Van Dillen,Antonio Palafox
Jimmy Parker,Ken Rosewall
Thomaz Koch,Rod Laver
Ian Crookenden,Pancho Segura
Luis Ayala,Cliff Drysdale
Lew Gerrard,Allan Stone
Frank Parker,Arthur Ashe
Haroon Rahim,Paul Hutchins
Sammy Giammalva,Roy Emerson
Ned Weld,Jeff Borowiak
Ramanathan Krishnan,John Newcombe
E Victor Seixas,Charles Mckinley
Marty Riessen,Torben Ulrich
Jaime Fillol,Robert Mckinley
Jim Mcmanus,Clark Graebner
Tom Mozur,Roger Taylor
Danny Obryant,Paul Gerken
Patricio Cornejo,Gene Scott
Dick Dell,Nikola Pilic
Tom Edlefsen,Charlie Pasarell
John Sharpe,Joaquin Loyo Mayo
D Richard Russell,Dennis Ralston
Jim Osborne,Ron Holmberg
Raymond Moore,Robert Lutz
Dick Stockton,Marcello Lara
Antonio Palafox,Ken Rosewall
Ingo Buding,John Brown
Fred Stolle,Peter Curtis
Peter Fishbach,Pierre Barthes
Lenny Schloss,Tom Okker
Pancho Guzman,Mal Anderson
Colin Stubs,Richard Pancho Gonzales
Dan Bleckinger,Alejandro Olmedo
Stan Smith,Tony Roche
Pancho Segura,Rod Laver
Allan Stone,Cliff Drysdale
Paul Hutchins,Arthur Ashe
Jeff Borowiak,Roy Emerson
Charles Mckinley,John Newcombe
Robert Mckinley,Torben Ulrich
Roger Taylor,Clark Graebner
Paul Gerken,Gene Scott
Charlie Pasarell,Nikola Pilic
Joaquin Loyo Mayo,Dennis Ralston
Robert Lutz,Ron Holmberg
Marcello Lara,Ken Rosewall
John Brown,Peter Curtis
Pierre Barthes,Tom Okker
Mal Anderson,Richard Pancho Gonzales
Alejandro Olmedo,Tony Roche
Rod Laver,Cliff Drysdale
Roy Emerson,Arthur Ashe
Torben Ulrich,John Newcombe
Gene Scott,Clark Graebner
Nikola Pilic,Dennis Ralston
Ron Holmberg,Ken Rosewall
Peter Curtis,Tom Okker
Tony Roche,Richard Pancho Gonzales
Cliff Drysdale,Arthur Ashe
John Newcombe,Clark Graebner
Dennis Ralston,Ken Rosewall
Richard Pancho Gonzales,Tom Okker
Clark Graebner,Arthur Ashe
Ken Rosewall,Tom Okker
Tom Okker,Arthur Ashe
Zan Guerry,Dick Dell
Ed Grubb,Charlie Pasarell
Alan Frost,Anthony Billington
Haroon Rahim,Torben Ulrich
Steve Faulk,Erik Van Dillen
Keith Arejo,Franklin Robbins
Paul Gerken,Patricio Cornejo
Robert Stock,Richard Leach
Rudy Hernando,Jun Kuki
Robert Perry,Gene Scott
Charles Owens,William Collins
Paul Sullivan,Armistead Neely
William Brown,George Taylor
Paul Cranis,Jim Mcmanus
John Brown,Tom Leonard
Zan Guerry,Dick Dell
Raymond Moore,Mike Estep
Keith Reynolds,Bob Hewitt
Bailey Brown,Marcello Lara
Lenny Schloss,Dick Knight
James Pressly,Bill Colson
Lito Alvarez,Roy Barth
Brian Stephenson,Stanley Pasarell
D Richard Russell,Tom Gorman
Jim Osborne,Peter Curtis
Frank Tutvin,Peter Fishbach
Danny Obryant,Colin Stubs
Robert Mckinley,Robert Lutz
Jasjit Singh,Pierce Kelly
Peter Burwash,Dick Stockton
Brian Marcus,Modesto Tito Vazquez
Rupert Dorey,Jack Waltz
John De Zeeuw,Cliff Richey
Chris Bovett,Arthur Ashe
Mario Obando,Ron Goldman
Dick Dell,Bob Goeltz
Ned Weld,Humphrey Hose
Tico Carrero,Stan Smith
Jeff Borowiak,Dan Bleckinger
Michael Marcin,Anthony Bull
Steve Stockton,Allan Stone
Anthony Billington,Charlie Pasarell
Torben Ulrich,Erik Van Dillen
Franklin Robbins,Patricio Cornejo
Jun Kuki,Richard Leach
William Collins,Gene Scott
George Taylor,Armistead Neely
Tom Leonard,Jim Mcmanus
Dick Dell,Mike Estep
Marcello Lara,Bob Hewitt
Bill Colson,Dick Knight
Stanley Pasarell,Roy Barth
Peter Curtis,Tom Gorman
Peter Fishbach,Colin Stubs
Pierce Kelly,Robert Lutz
Dick Stockton,Modesto Tito Vazquez
Jack Waltz,Cliff Richey
Roberto Marcher,Jaime Fillol
Ian Hewitt,Joaquin Loyo Mayo
Mike Machette,Butch Seewagen
Ron Holmberg,Tom Mozur
Mac Clafin,Paul Hutchins
Butch Palmer,Premjit Lall
Jack Darrah,Chauncey Steele Iii
Sherwood Stewart,Clark Graebner
Ron Goldman,Arthur Ashe
Bob Goeltz,Humphrey Hose
Dan Bleckinger,Stan Smith
Anthony Bull,Allan Stone
Charlie Pasarell,Erik Van Dillen
Richard Leach,Patricio Cornejo
Gene Scott,Armistead Neely
Mike Estep,Jim Mcmanus
Dick Knight,Bob Hewitt
Roy Barth,Tom Gorman
Colin Stubs,Robert Lutz
Modesto Tito Vazquez,Cliff Richey
Jaime Fillol,Joaquin Loyo Mayo
Butch Seewagen,Tom Mozur
Paul Hutchins,Premjit Lall
Chauncey Steele Iii,Clark Graebner
Humphrey Hose,Arthur Ashe
Stan Smith,Allan Stone
Erik Van Dillen,Patricio Cornejo
Armistead Neely,Jim Mcmanus
Tom Gorman,Bob Hewitt
Cliff Richey,Robert Lutz
Tom Mozur,Joaquin Loyo Mayo
Premjit Lall,Clark Graebner
Allan Stone,Arthur Ashe
Patricio Cornejo,Jim Mcmanus
Bob Hewitt,Robert Lutz
Joaquin Loyo Mayo,Clark Graebner
Jim Mcmanus,Arthur Ashe
Clark Graebner,Robert Lutz
Robert Lutz,Arthur Ashe
Herb Fitzgibbon,Rod Laver
Fred Stolle,Thomaz Koch
Jan Kodes,Roy Emerson
Eduardo Mandarino,Andres Gimeno
Thomaz Koch,Rod Laver
Andres Gimeno,Roy Emerson
Rod Laver,Roy Emerson
Mathias Werren,Manuel Orantes
Jairo Velasco,Szabolcz Baranyi
Jean Baptiste Chanfreau,John Barrett
Peter Pokorny,Sergei Likhachev
Bronislaw Lewandowski,Milan Holecek
Claude De Gronckel,Peter Marmureanu
Gardnar Mulloy,Ernesto Aguirre
Kenneth Andersson,Jean Claude Barclay
William Tym,Alex Metreveli
Ove Nils Bengtson,Bernard Montrenaud
William Alvarez,Peter Szoke
Eduardo Gorostagia,Michele Leclercq
Barry Phillips Moore,Andras Szikszai
Giuseppe Merlo,Teimuraz Kakoulia
Stefan Koudelka,Gerald Battrick
Norm Perry,Jean Courcol
Hans Nerell,Thomas Lejus
Lance Lumsden,Tom Edlefsen
Stanley Matthews,Han Jurgen Pohmann
Frank Tutvin,Daniel Contet
Ference Komaromi,Georges Goven
Detler Herdy,Ivan Molina
Rauno Suominen,Wieslaw Gasiorek
U Unknown,Bob Carmichael
Jean Pierre Olivier,Victor Egorov
U Unknown,Patrick Hombergen
Dieter Schultheiss,Paul Hutchins
U Unknown,Patrice Beust
Keith Wooldridge,Jean Loup Rouyer
U Unknown,Eric Drossart
Geza Varga,Bob Howe
Thedy Stalder,Nicola Pietrangeli
Szabolcz Baranyi,Manuel Orantes
John Barrett,Sergei Likhachev
Peter Marmureanu,Milan Holecek
Jean Claude Barclay,Ernesto Aguirre
Bernard Montrenaud,Alex Metreveli
Peter Szoke,Michele Leclercq
Andras Szikszai,Teimuraz Kakoulia
Gerald Battrick,Jean Courcol
Tom Edlefsen,Thomas Lejus
Han Jurgen Pohmann,Daniel Contet
Ivan Molina,Georges Goven
Bob Carmichael,Wieslaw Gasiorek
Patrick Hombergen,Victor Egorov
Patrice Beust,Paul Hutchins
Eric Drossart,Jean Loup Rouyer
Bob Howe,Nicola Pietrangeli
Manuel Orantes,Sergei Likhachev
Ernesto Aguirre,Milan Holecek
Michele Leclercq,Alex Metreveli
Teimuraz Kakoulia,Jean Courcol
Daniel Contet,Thomas Lejus
Wieslaw Gasiorek,Georges Goven
Victor Egorov,Paul Hutchins
Jean Loup Rouyer,Nicola Pietrangeli
Sergei Likhachev,Milan Holecek
Jean Courcol,Alex Metreveli
Georges Goven,Thomas Lejus
Paul Hutchins,Nicola Pietrangeli
Milan Holecek,Alex Metreveli
Thomas Lejus,Nicola Pietrangeli
Alex Metreveli,Nicola Pietrangeli
Han Jurgen Pohmann,John Alexander
Bob Howe,Mal Anderson
Isao Watanabe,Alex Kurucz
Lothar Pawlik,Milan Holecek
Graydon Garner,Marty Riessen
Graham Stilwell,Mathias Werren
Lothar Lanz,Jan Kukal
Phil Dent,Roger Taylor
Bob Giltinan,Harald Elschenbroich
Onny Parun,Jan Kodes
Brian Fairlie,Frew Mcmillan
Uwe Gottschalk,Koji Watanabe
Jaime Subirats,Bernd Kube
Steve Tidball,Cliff Drysdale
Ismail El Shafei,Dick Crealy
Lance Lumsden,Jurgen Fassbender
John Alexander,John Newcombe
Barry Phillips Moore,Mal Anderson
Alex Kurucz,Ingo Buding
Milan Holecek,Marty Riessen
Ray Ruffels,Pierre Barthes
Roy Barth,Tom Okker
Mathias Werren,Istvan Gulyas
Jan Kukal,Nikola Pilic
Roger Taylor,Robert Maud
Jan Kodes,Harald Elschenbroich
Frew Mcmillan,Koji Watanabe
Bernd Kube,Wilhelm Bungert
Dick Crealy,Cliff Drysdale
Jurgen Fassbender,Mark Cox
Allan Stone,Hans Jaochim Plotz
Gerald Battrick,Tony Roche
Mal Anderson,John Newcombe
Ingo Buding,Marty Riessen
Tom Okker,Pierre Barthes
Istvan Gulyas,Nikola Pilic
Harald Elschenbroich,Robert Maud
Koji Watanabe,Wilhelm Bungert
Mark Cox,Cliff Drysdale
Hans Jaochim Plotz,Tony Roche
Marty Riessen,John Newcombe
Pierre Barthes,Nikola Pilic
Robert Maud,Wilhelm Bungert
Tony Roche,Cliff Drysdale
Nikola Pilic,John Newcombe
Wilhelm Bungert,Cliff Drysdale
Cliff Drysdale,John Newcombe
Tadeusz Nowicki,Ray Ruffels
Alvaro Pena,Adriano Panatta
Roberto Lombardi,Phil Dent
Ingo Buding,Herb Fitzgibbon
Sergio Palmieri,Bob Hewitt
Alfredo Acuna,Alan Fox
Patrice Beust,Manuel Orantes
Gianni Capozza,Brian Fairlie
Onny Parun,Jan Kodes
Ernst Blanke,Giuseppe Merlo
Zeljko Franulovic,Patricio Rodriguez CHI
Giorgio Bologna,Jean Baptiste Chanfreau
Peter Pokorny,Bill Bowrey
Raul Peralta,Eugenio Castigliano
William Tym,Roberto Saya
Paolo Bertolucci,Georges Goven
Tomas Gonzalez,Nicola Pietrangeli
Pancho Castillo,Gerald Battrick
Fernando Gentil,Gaetano Di Maso
Nicola Spear,Jean Courcol
Patricio Cornejo,Juan Gisbert
Thedy Stalder,Wieslaw Gasiorek
John Mcdonald,Ezio Di Matteo
Allan Skelton,Jose Mandarino
Jose Luis Arillla,Massimo Di Domenico
Allan Stone,Giordano Maioli
Franco Bartoni,Nicholas Kalogeropoulos
Guiliano Fanfani,Marty Riessen
Peter Szoke,John Alexander
Frank Tutvin,Sergei Likhachev
Terry Addison,Piero Toci
Peter Curtis,Ilie Nastase
Daniel Contet,Jaime Pinto Bravo
Carlos Fernandez,Geza Varga
Roberto Valerio,Michael Hickey
Jim Moore,Tom Okker
Marco Gilardelli,Barry Phillips Moore
Sever Dron,Vittorio Crotta
Vincenzo Franchitti,Bob Giltinan
Eduardo Zuleta,Thomaz Koch
Andras Szikszai,Cliff Richey
Sergio Tacchini,Raymond Moore
Gary Kesl,Alex Metreveli
Michele Pirro,Jan Kukal
Frew Mcmillan,Ion Tiriac
Bronislaw Lewandowski,Dick Crealy
Adriano Panatta,Ray Ruffels
Phil Dent,Herb Fitzgibbon
Alan Fox,Bob Hewitt
Brian Fairlie,Manuel Orantes
Giuseppe Merlo,Jan Kodes
Jean Baptiste Chanfreau,Patricio Rodriguez CHI
Bill Bowrey,Eugenio Castigliano
Roberto Saya,Georges Goven
Gerald Battrick,Nicola Pietrangeli
Jean Courcol,Gaetano Di Maso
Wieslaw Gasiorek,Juan Gisbert
Jose Mandarino,Ezio Di Matteo
Giordano Maioli,Massimo Di Domenico
Nicholas Kalogeropoulos,Marty Riessen
Sergei Likhachev,John Alexander
Piero Toci,Ilie Nastase
Geza Varga,Jaime Pinto Bravo
Michael Hickey,Tom Okker
Vittorio Crotta,Barry Phillips Moore
Bob Giltinan,Thomaz Koch
Vladimir Korotkov,Milan Holecek
Francesco Giordano,Mark Cox
Ciccio Gorla,Robert Maud
Richard Hawkes,Boro Jovanovic
Ray Keldie,Harald Elschenbroich
John Barrett,Martin Mulligan
Raymond Moore,Cliff Richey
Jan Kukal,Alex Metreveli
Dick Crealy,Ion Tiriac
Herb Fitzgibbon,Ray Ruffels
Manuel Orantes,Bob Hewitt
Patricio Rodriguez CHI,Jan Kodes
Georges Goven,Eugenio Castigliano
Gaetano Di Maso,Nicola Pietrangeli
Ezio Di Matteo,Juan Gisbert
Massimo Di Domenico,Marty Riessen
John Alexander,Ilie Nastase
Jaime Pinto Bravo,Tom Okker
Thomaz Koch,Barry Phillips Moore
Mark Cox,Milan Holecek
Robert Maud,Boro Jovanovic
Harald Elschenbroich,Martin Mulligan
Cliff Richey,Alex Metreveli
Ray Ruffels,Ion Tiriac
Jan Kodes,Bob Hewitt
Eugenio Castigliano,Nicola Pietrangeli
Marty Riessen,Juan Gisbert
Ilie Nastase,Tom Okker
Milan Holecek,Barry Phillips Moore
Boro Jovanovic,Martin Mulligan
Ion Tiriac,Alex Metreveli
Nicola Pietrangeli,Bob Hewitt
Juan Gisbert,Tom Okker
Martin Mulligan,Barry Phillips Moore
Alex Metreveli,Bob Hewitt
Barry Phillips Moore,Tom Okker
Bob Hewitt,Tom Okker
B Moreau,Jean Pierre Olivier
Alain Bouteleux,Ken Weatherley
U Unknown,Patrice Beust
Thierry Bernasconi,U Unknown
Jacques Thamin,Patrice Dominguez
Patrick Proisy,John Clifton
U Unknown,Christian Duxin
David Lloyd,Pierre Joly
Jean Louis Thiebaut,Jean Loup Rouyer
Henri Pellizza,Francois Matheu
Gerald Pilet,U Unknown
John De Mendoza,Eric Derasse
Lance Lumsden,Jean Paul Meyer
Pierre Dufour,U Unknown
Georges Goven,Denis Grozdanovitch
Andrzej Licis,John Paish
Jean Pierre Olivier,Jean Courcol
Ken Weatherley,Paul Hutchins
Jean Baptiste Chanfreau,Patrice Beust
Pierre Darmon,U Unknown
Eric Drossart,Patrice Dominguez
John Clifton,Daniel Contet
Jean Claude Barclay,Christian Duxin
Pierre Joly,Milan Holecek
Jean Loup Rouyer,Michele Leclercq
Francois Matheu,Nicholas Kalogeropoulos
U Unknown,John Barrett
Eric Derasse,Bob Carmichael
Jean Paul Meyer,Gerald Battrick
U Unknown,Patrick Hombergen
Denis Grozdanovitch,Frantisek Pala
John Paish,Ismail El Shafei
Paul Hutchins,Jean Courcol
U Unknown,Patrice Beust
Patrice Dominguez,Daniel Contet
Christian Duxin,Milan Holecek
Nicholas Kalogeropoulos,Michele Leclercq
John Barrett,Bob Carmichael
Patrick Hombergen,Gerald Battrick
Frantisek Pala,Ismail El Shafei
Jean Courcol,Patrice Beust
Daniel Contet,Milan Holecek
Michele Leclercq,Bob Carmichael
Gerald Battrick,Ismail El Shafei
Patrice Beust,Milan Holecek
Ismail El Shafei,Bob Carmichael
Bob Carmichael,Milan Holecek
U Unknown,Martin Mulligan
Peter Pokorny,Han Jurgen Pohmann
U Unknown,Ernie Mccabe
U Unknown,Barry Phillips Moore
Hans Kary,Herb Fitzgibbon
Tom Karp,Hans Jaochim Plotz
U Unknown,Jurgen Fassbender
U Unknown,Jose Mandarino
U Unknown,Jan Eric Lundquist
Reyno Summers,Gerald Battrick
Ference Komaromi,Detler Herdy
John Gardner,Thomaz Koch
U Unknown,Marian Laudin
U Unknown,Robert Wilson
U Unknown,Onny Parun
Bryan Burrell,Wilhelm Bungert
Han Jurgen Pohmann,Martin Mulligan
Ernie Mccabe,Barry Phillips Moore
Hans Jaochim Plotz,Herb Fitzgibbon
Jurgen Fassbender,Jose Mandarino
Gerald Battrick,Jan Eric Lundquist
Detler Herdy,Thomaz Koch
Marian Laudin,Robert Wilson
Onny Parun,Wilhelm Bungert
Barry Phillips Moore,Martin Mulligan
Herb Fitzgibbon,Jose Mandarino
Thomaz Koch,Jan Eric Lundquist
Robert Wilson,Wilhelm Bungert
Jose Mandarino,Martin Mulligan
Jan Eric Lundquist,Wilhelm Bungert
Wilhelm Bungert,Martin Mulligan
Sergio Palmieri,Tom Okker
Massimo Di Domenico,Jorgen Ulrich
Dimitri Sturdza,Roger Taylor
Thedy Stalder,Pierre Darmon
Mathias Werren,Dennis Ralston
Isao Watanabe,Jaime Pinto Bravo
Jean Pierre Loizeau,Mal Anderson
Jaime Subirats,Istvan Gulyas
U Unknown,Patricio Rodriguez CHI
U Unknown,Cliff Drysdale
Giuseppe Merlo,Koji Watanabe
Michael Hickey,Nikola Pilic
U Unknown,Boro Jovanovic
Tom Edlefsen,Pierre Barthes
U Unknown,Torben Ulrich
U Unknown,John Newcombe
Jorgen Ulrich,Tom Okker
Roger Taylor,Pierre Darmon
Jaime Pinto Bravo,Dennis Ralston
Mal Anderson,Istvan Gulyas
Patricio Rodriguez CHI,Cliff Drysdale
Koji Watanabe,Nikola Pilic
Boro Jovanovic,Pierre Barthes
Torben Ulrich,John Newcombe
Pierre Darmon,Tom Okker
Istvan Gulyas,Dennis Ralston
Nikola Pilic,Cliff Drysdale
Pierre Barthes,John Newcombe
Dennis Ralston,Tom Okker
John Newcombe,Cliff Drysdale
Tom Okker,Cliff Drysdale
Manuel Orantes,Thomaz Koch
U Unknown,Cliff Richey
Dick Stockton,Arthur Ashe
Jeff Borowiak,Torben Ulrich
Thomaz Koch,Charlie Pasarell
Cliff Richey,Jan Leschly
Tom Okker,Arthur Ashe
Torben Ulrich,Manuel Santana
Charlie Pasarell,Jan Leschly
Arthur Ashe,Manuel Santana
Jan Leschly,Manuel Santana
Luis Rojas,Patrice Dominguez
Wanaro Ngodrella,Harald Elschenbroich
Alex Geuer,Robert Sherman
Jost Remmert,Henry Hank Irvine
Jean Loup Rouyer,Juan Gisbert
Desmond Mckenzey,Petr Strobl
Matthias Mauritz,Isao Watanabe
Karl Fichtel,Nicola Spear
Jacques Thamin,Lothar Pawlik
Patrick Proisy,Wilhelm Bungert
Rainer Janson,Georges Goven
Jean Claude Barclay,Attila Korpas
Bernd Kube,Nicholas Kalogeropoulos
Bernard Montrenaud,Zeljko Franulovic
Lance Lumsden,Patrice Dominguez
Robert Sherman,Harald Elschenbroich
Henry Hank Irvine,Juan Gisbert
Petr Strobl,Barry Phillips Moore
Isao Watanabe,Nicola Spear
Lothar Pawlik,Hans Jaochim Plotz
Jean Baptiste Chanfreau,Istvan Gulyas
Jean Paul Meyer,Milan Holecek
Han Jurgen Pohmann,Koji Watanabe
Ingo Buding,Michele Leclercq
Christian Pieper,Pierre Darmon
Georges Goven,Wilhelm Bungert
Attila Korpas,Nicholas Kalogeropoulos
Patrice Dominguez,Zeljko Franulovic
Harald Elschenbroich,Juan Gisbert
Nicola Spear,Barry Phillips Moore
Hans Jaochim Plotz,Istvan Gulyas
Koji Watanabe,Milan Holecek
Pierre Darmon,Michele Leclercq
Nicholas Kalogeropoulos,Wilhelm Bungert
Juan Gisbert,Zeljko Franulovic
Barry Phillips Moore,Istvan Gulyas
Michele Leclercq,Milan Holecek
Zeljko Franulovic,Wilhelm Bungert
Milan Holecek,Istvan Gulyas
Wilhelm Bungert,Istvan Gulyas
Gene Scott,Rod Laver
Giuseppe Merlo,Stan Smith
Jan Kodes,Marty Riessen
Donald Dell,Brian Fairlie
Nikola Pilic,Herb Fitzgibbon
Gordon Forbes,Mark Cox
Roger Becker,Alan Fox
Haroon Rahim,Daniel Contet
Ramanathan Krishnan,Richard Pancho Gonzales
Derek Schroder,Robert Maud
Manuel Orantes,Alex Metreveli
Phil Dent,Patrice Beust
John Brown,Dennis Ralston
Barry Phillips Moore,Cliff Richey
Colin Stubs,Jan Leschly
Antonio Palafox,Jose Mandarino
Owen Davidson,John Newcombe
Frew Mcmillan,John Alexander
Pierre Darmon,David Lloyd
Keith Wooldridge,Terry Ryan
Eduardo Zuleta,Arthur Ashe
Premjit Lall,Ismail El Shafei
Warren Jacques,Ove Nils Bengtson
Keith Carpenter,Jose Luis Arillla
Ron Holmberg,Roy Emerson
D Richard Russell,Ion Tiriac
Jim Mcmanus,Ken Fletcher
Patricio Rodriguez CHI,Alejandro Olmedo
Peter Curtis,Tom Okker
Carlos Fernandez,Michael Sangster
Stanley Matthews,Vladimir Korotkov
Luis Ayala,Pierre Barthes
Robert Haillet,Terry Addison
Raul Peralta,Nicholas Kalogeropoulos
Gerald Battrick,Bob Howe
Jean Claude Barclay,Fred Stolle
Roy Barth,Clark Graebner
Koji Watanabe,Jorgen Ulrich
Sergei Likhachev,Graham Stilwell
Hans Jaochim Plotz,Manuel Santana
Jurgen Fassbender,Tom Edlefsen
Nicola Pietrangeli,Geoff Bluett
Lance Lumsden,Graydon Garner
Robert Wilson,Cliff Drysdale
Jan Kukal,Dick Crealy
Nicola Spear,Raymond Moore
Wieslaw Gasiorek,Bill Bowrey
Istvan Gulyas,Andres Gimeno
Pancho Castillo,Georges Goven
Thomas Lejus,Torben Ulrich
Milan Holecek,Bob Carmichael
Allan Stone,Earl Butch Buchholz
John Barrett,Bob Hewitt
Gaetano Di Maso,Thomaz Koch
Robert Lutz,Pancho Guzman
Jaidip Mukherjea,Lew Hoad
Jean Courcol,Clay Iles
Patricio Cornejo,Ray Ruffels
Michael Davies,Jim Osborne
Ray Keldie,Tony Roche
Paul Hutchins,Onny Parun
Alan Mills,Roger Taylor
Patrick Hombergen,Charlie Pasarell
Abe Segal,Ken Rosewall
Stan Smith,Rod Laver
Brian Fairlie,Marty Riessen
Herb Fitzgibbon,Mark Cox
Alan Fox,Daniel Contet
Robert Maud,Richard Pancho Gonzales
Patrice Beust,Alex Metreveli
Cliff Richey,Dennis Ralston
Jan Leschly,Jose Mandarino
John Alexander,John Newcombe
Terry Ryan,David Lloyd
Ismail El Shafei,Arthur Ashe
Jose Luis Arillla,Ove Nils Bengtson
Ion Tiriac,Roy Emerson
Ken Fletcher,Alejandro Olmedo
Michael Sangster,Tom Okker
Pierre Barthes,Vladimir Korotkov
Nicholas Kalogeropoulos,Terry Addison
Bob Howe,Fred Stolle
Jorgen Ulrich,Clark Graebner
Graham Stilwell,Manuel Santana
Geoff Bluett,Tom Edlefsen
Graydon Garner,Cliff Drysdale
Dick Crealy,Raymond Moore
Bill Bowrey,Andres Gimeno
Georges Goven,Torben Ulrich
Bob Carmichael,Earl Butch Buchholz
Thomaz Koch,Bob Hewitt
Pancho Guzman,Lew Hoad
Clay Iles,Ray Ruffels
Jim Osborne,Tony Roche
Roger Taylor,Onny Parun
Charlie Pasarell,Ken Rosewall
Marty Riessen,Rod Laver
Daniel Contet,Mark Cox
Richard Pancho Gonzales,Alex Metreveli
Jose Mandarino,Dennis Ralston
David Lloyd,John Newcombe
Ove Nils Bengtson,Arthur Ashe
Alejandro Olmedo,Roy Emerson
Vladimir Korotkov,Tom Okker
Terry Addison,Fred Stolle
Manuel Santana,Clark Graebner
Cliff Drysdale,Tom Edlefsen
Andres Gimeno,Raymond Moore
Torben Ulrich,Earl Butch Buchholz
Lew Hoad,Bob Hewitt
Ray Ruffels,Tony Roche
Onny Parun,Ken Rosewall
Mark Cox,Rod Laver
Alex Metreveli,Dennis Ralston
John Newcombe,Arthur Ashe
Roy Emerson,Tom Okker
Fred Stolle,Clark Graebner
Tom Edlefsen,Raymond Moore
Bob Hewitt,Earl Butch Buchholz
Ken Rosewall,Tony Roche
Dennis Ralston,Rod Laver
Tom Okker,Arthur Ashe
Raymond Moore,Clark Graebner
Earl Butch Buchholz,Tony Roche
Arthur Ashe,Rod Laver
Clark Graebner,Tony Roche
Tony Roche,Rod Laver
Frank Sedgman,Tony Roche
Bill Bowrey,Roger Taylor
Ray Ruffels,Mal Anderson
Thomas Lejus,Fred Stolle
Roger Taylor,Tony Roche
Mal Anderson,Fred Stolle
Tony Roche,Fred Stolle
Tom Edlefsen,Ken Rosewall
Colin Stubs,Ken Rosewall
Jose Mandarino,Ken Rosewall
Herb Fitzgibbon,Ken Rosewall
Thomaz Koch,Ken Rosewall
Andres Gimeno,Ken Rosewall
Rod Laver,Ken Rosewall
Jean Claude Barclay,Colin Stubs
Berry Geraghty,Jaime Pinto Bravo
Jaime Pinto Bravo,Jose Mandarino
Jean Baptiste Chanfreau,Jose Mandarino
Jan Kodes,Fernando Gentil
Fernando Gentil,Paul Hutchins
Tadeusz Nowicki,Paul Hutchins
Paul Hutchins,Herb Fitzgibbon
Sergio Tacchini,Herb Fitzgibbon
Patrick Proisy,Herb Fitzgibbon
Ramanathan Krishnan,Patrick Proisy
Lew Hoad,Wieslaw Gasiorek
Michele Leclercq,Wieslaw Gasiorek
Wieslaw Gasiorek,Francois Jauffret
Reyno Summers,Michele Leclercq
John Barrett,Francois Jauffret
Jan Kukal,Francois Jauffret
Francois Jauffret,Thomaz Koch
Pancho Guzman,Jan Kukal
Wilhelm Bungert,Tom Christensen
Tom Christensen,Terry Ryan
Alexander Marcial,Terry Ryan
Terry Ryan,Thomaz Koch
Jaidip Mukherjea,Gerald Pilet
Gerald Pilet,Thomaz Koch
Zlatko Ivancic,Thomaz Koch
Eddie Cruz,Andres Gimeno
Sever Dron,Andres Gimeno
Ingo Buding,Andres Gimeno
Ray Ruffels,Andres Gimeno
Boro Jovanovic,Andres Gimeno
Pierre Jauffret,Sever Dron
Pierre Joly,Ingo Buding
Petr Strobl,Ingo Buding
Ivan Molina,Petr Strobl
V Kazarevitch,Ray Ruffels
Frew Mcmillan,Ray Ruffels
Patricio Cornejo,Ray Ruffels
Ference Komaromi,Frew Mcmillan
Daniel Contet,Nicola Spear
Nicola Spear,Patricio Cornejo
Detler Herdy,Patricio Cornejo
Christian Duxin,Fred Stolle
Fred Stolle,Boro Jovanovic
David Lloyd,Boro Jovanovic
Dick Crealy,Boro Jovanovic
Gerald Battrick,Boro Jovanovic
Jean Pierre Olivier,Ilie Nastase
Ilie Nastase,Dick Crealy
Michael Sangster,Dick Crealy
Nicola Pietrangeli,Gerald Battrick
Jean Courcol,Gerald Battrick
Dimitri Sturdza,Gerald Battrick
Eduardo Gorostagia,Jean Courcol
Eric Drossart,Dimitri Sturdza
Bernard Montrenaud,Dimitri Sturdza
Carlos Fernandez,Bernard Montrenaud
Richard Hawkes,Eduardo Zuleta
Eduardo Zuleta,Mark Cox
Bernard Paul,Mark Cox
Mark Cox,Istvan Gulyas
Marco Gilardelli,Torben Ulrich
Torben Ulrich,Istvan Gulyas
Frank Tutvin,Istvan Gulyas
Istvan Gulyas,Richard Pancho Gonzales
Patricio Rodriguez CHI,Claude De Gronckel
Claude De Gronckel,Pierre Darmon
Norm Perry,Pierre Darmon
Pierre Darmon,Richard Pancho Gonzales
Sergei Likhachev,Bob Giltinan
Bob Giltinan,Richard Pancho Gonzales
Ray Keldie,Richard Pancho Gonzales
Roy Emerson,Richard Pancho Gonzales
Richard Pancho Gonzales,Rod Laver
Peter Pokorny,Allan Stone
Michal Lewandowski,Allan Stone
Allan Stone,Cliff Richey
Joseph Mateo,Michal Lewandowski
Giuseppe Merlo,Georges Goven
Georges Goven,Cliff Richey
Jairo Velasco,Cliff Richey
Cliff Richey,Roy Emerson
Sergio Palmieri,Robert Maud
Brian Fairlie,Robert Maud
Robert Maud,Roy Emerson
Bernard De Troye,Brian Fairlie
Patrice Beust,Barry Phillips Moore
Barry Phillips Moore,Roy Emerson
Onny Parun,Roy Emerson
Marty Riessen,Raymond Moore
Raymond Moore,Milan Holecek
Terry Addison,Milan Holecek
Milan Holecek,Ion Tiriac
Manuel Orantes,Jean Loup Rouyer
Jean Loup Rouyer,Ion Tiriac
George Deniau,Ion Tiriac
Zeljko Franulovic,Ion Tiriac
Ion Tiriac,Rod Laver
Jim Moore,Abe Segal
Abe Segal,Zeljko Franulovic
Juan Gisbert,Zeljko Franulovic
Bob Hewitt,Zeljko Franulovic
Isao Watanabe,Ashley Cooper
Ashley Cooper,Bob Hewitt
Jacques Thamin,Bob Hewitt
Jean Claude Molinari,Robert Wilson
Robert Wilson,Bob Carmichael
Patrick Hombergen,Bob Carmichael
John Alexander,Bob Carmichael
Bob Carmichael,Rod Laver
Alfredo Acuna,Alan Fox
Alan Fox,John Alexander
Alex Metreveli,John Alexander
Adrian Pena,Lars Olander
Lars Olander,Peter Marmureanu
William Alvarez,Peter Marmureanu
Peter Marmureanu,Rod Laver
Bob Howe,Nicholas Kalogeropoulos
Nicholas Kalogeropoulos,Rod Laver
Lance Lumsden,Rod Laver
Tito Vazquez,Humphrey Hose
Norberto Herrero,Jorge Andrew
Jorge Andrew,Tito Vazquez
Norberto Herrero,Humphrey Hose
Bill Bowrey,Clark Graebner
Ray Ruffels,Arthur Ashe
Ray Ruffels,Clark Graebner
Arthur Ashe,Bill Bowrey
Detler Herdy,Raymond Moore
Dieter Schultheiss,Bob Hewitt
Dieter Schultheiss,Raymond Moore
Detler Herdy,Frew Mcmillan
Bronislaw Lewandowski,Eric Drossart
Patrick Hombergen,Wieslaw Gasiorek
Eric Drossart,Wieslaw Gasiorek
Bronislaw Lewandowski,Patrick Hombergen
Eric Drossart,Jan Kodes
Milan Holecek,Patrick Hombergen
Jan Kodes,Patrick Hombergen
Eric Drossart,Milan Holecek
Thomaz Koch,Jan Kodes
Jan Kukal,Edison Mandarino
Jan Kukal,Thomaz Koch
Edison Mandarino,Jan Kodes
Stojan Velev,Ingo Buding
Kiril Yashmakov,Wilhelm Bungert
Kiril Yashmakov,Ingo Buding
Stojan Velev,Wilhelm Bungert
Remzi Aydin,Kiril Yashmakov
Tahsin Gursoy,Stojan Velev
Tahsin Gursoy,Ljuben Genov
Remzi Aydin,Stojan Velev
Harry Fauquier,Rafael Osuna
Mike Belkin,Joaquin Loyo Mayo
Harry Fauquier,Joaquin Loyo Mayo
Keith Carpenter,Rafael Osuna
Richard Russell,Clark Graebner
Lance Lumsden,Arthur Ashe
Richard Russell,Arthur Ashe
Lance Lumsden,Robert Lutz
Miguel Olvera,Jaime Pinto Bravo
Patricio Cornejo,Pancho Guzman
Patricio Cornejo,Miguel Olvera
Tomas Gonzalez,Jaime Pinto Bravo
Alfredo Acuna,Patricio Cornejo
Alfredo Acuna,Jaime Pinto Bravo
Tomas Gonzalez,Omar Pabst
Torben Ulrich,Ilie Nastase
Jorgen Ulrich,Ion Tiriac
Torben Ulrich,Ion Tiriac
Jorgen Ulrich,Ilie Nastase
Pancho Guzman,Arthur Ashe
Miguel Olvera,Clark Graebner
Pancho Guzman,Clark Graebner
Miguel Olvera,Arthur Ashe
Julio Moros,Miguel Olvera
Jorge Andrew,Pancho Guzman
Mark Cox,Manuel Santana
Paul Hutchins,Juan Gisbert
Paul Hutchins,Manuel Santana
Juan Gisbert,Mark Cox
Martin Mulligan,Juan Gisbert
Nicola Pietrangeli,Manuel Santana
Nicola Pietrangeli,Juan Gisbert
Manuel Orantes,Martin Mulligan
Jan Hajer,Manuel Santana
Juan Gisbert,Tom Okker
Manuel Santana,Tom Okker
Jan Hajer,Juan Gisbert
Ove Nils Bengtson,Juan Gisbert
Hans Nerell,Manuel Santana
Hans Nerell,Juan Gisbert
Ove Nils Bengtson,Manuel Santana
Clark Graebner,Manuel Santana
Juan Gisbert,Arthur Ashe
Juan Gisbert,Clark Graebner
Manuel Santana,Arthur Ashe
Alfredo Vaz Pinto,Pekka Petersen Dyggve
Joao Lagos,Tarmo Jokinen
Tarmo Jokinen,Alfredo Vaz Pinto
Joao Lagos,Pekka Petersen Dyggve
Francois Jauffret,Robert Wilson
Georges Goven,Mark Cox
Ingo Buding,Premjit Lall
Ramanathan Krishnan,Wilhelm Bungert
Ingo Buding,Ramanathan Krishnan
Premjit Lall,Wilhelm Bungert
Bob Hewitt,Wilhelm Bungert
Raymond Moore,Ingo Buding
Raymond Moore,Wilhelm Bungert
Ingo Buding,Bob Hewitt
Thedy Stalder,Wilhelm Bungert
Dimitri Sturdza,Ingo Buding
Thedy Stalder,Ingo Buding
Dimitri Sturdza,Wilhelm Bungert
Jan Kodes,Wilhelm Bungert
Ingo Buding,Milan Holecek
Jan Kodes,Ingo Buding
Milan Holecek,Wilhelm Bungert
Thomas Lejus,Nicholas Kalogeropoulos
Periclis Gavrilidis,Alex Metreveli
Periclis Gavrilidis,Thomas Lejus
Nicholas Kalogeropoulos,Alex Metreveli
Istvan Gulyas,Martin Mulligan
Peter Szoke,Nicola Pietrangeli
Istvan Gulyas,Nicola Pietrangeli
Peter Szoke,Martin Mulligan
Diko Murdono,Eddie Cruz
Gondo Widjojo,Felicisimo Ampon
Gondo Widjojo,Eddie Cruz
Diko Murdono,Felicisimo Ampon
Keishiro Yanagi,Premjit Lall
Koji Watanabe,Ramanathan Krishnan
Keishiro Yanagi,Ramanathan Krishnan
Premjit Lall,Koji Watanabe
Rupert Ferdinands,Shyam Minotra
Senaka Kumara,Jaidip Mukerjea
Anand Amritraj,Rupert Ferdinands
Shyam Minotra,Senaka Kumara
Premjit Lall,Arthur Ashe
Clark Graebner,Ramanathan Krishnan
Ramanathan Krishnan,Arthur Ashe
Premjit Lall,Clark Graebner
Josef Stabholz,Hussain Akbari
Eleazar Davidman,Taghi Akbari
Josef Stabholz,Taghi Akbari
Hussain Akbari,Eleazar Davidman
Taghi Akbari,Bob Hewitt
Issa Khodaei,Robert Maud
Issa Khodaei,Bob Hewitt
Taghi Akbari,Robert Maud
Peter Mockler,Patrick Landau
Adrien Viviani,Michael Hickey
Michael Hickey,Patrick Landau
Andres Vatrican,Nicola Pietrangeli
Francisco Truchi,Martin Mulligan
Alain Manigley,Martin Mulligan
Francisco Truchi,Eugenio Castigliano
Thomas Lejus,Nicola Pietrangeli
Martin Mulligan,Alex Metreveli
Nicola Pietrangeli,Alex Metreveli
Thomas Lejus,Martin Mulligan
Ek Son Lee,Toshiro Sakai
Yong Ho Chung,Koji Watanabe
Moon Il Kim,Jun Kamiwazumi
Yong Ho Chung,Toshiro Sakai
Felicisimo Ampon,Ichizo Konishi
Eddie Cruz,Koji Watanabe
Eddie Cruz,Ichizo Konishi
Toshiro Sakai,Felicisimo Ampon
Thierry Brasseur,Frithjof Prydz
Nils Elvik,Frank Baden
Thierry Brasseur,Nils Elvik
Frank Baden,Frithjof Prydz
Bernard Pinto,Sultan Aman Azman
Billy Yap,Senaka Kumara
Billy Yap,Bernard Pinto
Sultan Aman Azman,Senaka Kumara
Rafael Osuna,Arthur Ashe
Joaquin Loyo Mayo,Clark Graebner
Rafael Osuna,Clark Graebner
Joaquin Loyo Mayo,Arthur Ashe
Frithjof Prydz,Ilie Nastase
Nils Elvik,Ion Tiriac
Nils Elvik,Ilie Nastase
Frithjof Prydz,Ion Tiriac
Onny Parun,Zeljko Franulovic
Brian Fairlie,Boro Jovanovic
Onny Parun,Boro Jovanovic
Boro Jovanovic,Alex Metreveli
Zeljko Franulovic,Thomas Lejus
Zeljko Franulovic,Alex Metreveli
Boro Jovanovic,Thomas Lejus
Adrian Bey,Ove Nils Bengtson
Hans Nerell,Frank Saloman
Frank Saloman,Ove Nils Bengtson
Henry Hank Irvine,Hans Nerell
